Line,Significance,Cultivar-group,Cultivation status,Elite status,IRBB4,IRBB5,IRBB7,IRBB13,IRBB21,IRBB23,IRBB26,IRBB25,IRBB41
NSIC-Rc222,,Indica,Cultivar,Elite,[+],[+],[-],[-],[-],[-],[+],[-],[-]
IRRI174,ICP,indica,Cultivar,Elite,[+],[-],[-],[-],[-],[-],[+],[+],[-]
IR09A225,ICP,indica,Cultivar,Elite,[+],[-],[-],[-],[-],[-],[+],[-],[-]
IR09A228,ICP,indica,Cultivar,Elite,[+],[-],[-],[-],[-],[-],[+],[-],[-]
PIR-26 CO-2071-1-4-2-1,ICP,indica,Cultivar,Elite,?,[-],[-],[+],[-],[-],?,[-],[-]
PR37541-43-3-2-2-2-1-2-3-B-3-1-1,ICP,indica,Cultivar,Elite,[+],[-],[-],[-],[-],[-],[+],[-],[-]
IR10A135,ICP,indica,Cultivar,Elite,?,[-],[-],[-],[-],[-],[+],[-],[-]
IR11A282,ICP,indica,Cultivar,Elite,[+],[-],[-],[-],[-],[-],[+],[-],[-]
IR11A297,ICP,indica,Cultivar,Elite,[+],[-],[-],[-],[-],[-],[+],[-],[-]
IR11A306,ICP,indica,Cultivar,Elite,?,[-],?,?,?,[-],?,[-],[-]
IR12N165,ICP,indica,Cultivar,Elite,[+],[-],[-],[-],[-],[-],[+],[-],[-]
IR13A107,ICP,indica,Cultivar,Elite,[+],[-],[-],[-],[-],[-],[+],[-],[-]
IR13A514,ICP,indica,Cultivar,Elite,[+],[+],[-],[-],[-],[-],[+],[-],[-]
IR14A216,ICP,indica,Cultivar,Elite,[+],[-],[-],[-],[-],[-],[+],[-],[-]
IR15A2829,ICP,indica,Cultivar,Elite,[+],[+],[-],[-],[-],[-],?,[-],[-]
IR15A2997,ICP,indica,Cultivar,Elite,?,[+],[-],[-],[-],[-],?,[-],[-]
IR16A2834,ICP,indica,Cultivar,Elite,[+],[+],[-],[-],[+],[-],[+],[-],[-]
IR16A2841,ICP,indica,Cultivar,Elite,[+],[+],[-],[-],[+],[-],[+],[-],[-]
IR16A2844,ICP,indica,Cultivar,Elite,[+],[+],[-],[-],[+],[-],[+],[-],[-]
IR16A3652,ICP,indica,Cultivar,Elite,[+],[-],[-],[-],[-],[-],[+],[-],[-]
IR99047-B-B-B-B-47,ICP,indica,Cultivar,Elite,[+],[-],[-],[-],[-],[-],[+],[-],[-]
IR99982-B-B-B-B-1,ICP,indica,Cultivar,Elite,?,[-],[-],[-],[-],[-],?,[-],[-]
IR106432-B-B-B-B-25,ICP,indica,Cultivar,Elite,[+],[-],[-],[-],[-],[-],[+],[-],[-]
IR110615-C1-B-B-B-1-1,ICP,indica,Cultivar,Elite,?,[-],?,[-],[-],[-],[+],[-],[-]
IR122310:7-2-2,ICP,indica,Cultivar,Elite,[+],[-],[-],[-],[-],[-],[+],[-],[-]
IR93339:29-B-7-7-B-B-B-16,ICP,indica,Cultivar,Elite,[+],[-],?,[-],[-],[-],[+],[-],[-]
Gigante-1,,Indica,Cultivar,QD,?,[-],[-],[-],[-],[-],?,[-],[-]
IR77298-14-1-2-10 IRIS_313-15901,,Indica,Cultivar,QD,?,[-],[-],[-],[-],[-],[+],[-],[-]
IRBB23,,Indica,Cultivar,QD,?,[-],[-],[-],[-],[+],?,[-],[-]
IRBB61,,Indica,Cultivar,QD,?,[+],[+],[-],[-],[-],?,[-],?
TOG5307 IRGC96726-3,RYMV,glaberrima,Landrace,QD,?,[-],?,[-],?,[-],?,[-],[-]
TOG5674 IRGC96790-1,RYMV,glaberrima,Landrace,QD,?,[-],?,[-],?,[-],?,[-],[-]
TOG5681 IRGC96793-1,RYMV,glaberrima,Landrace,QD,?,[-],?,[-],[+],[-],?,[-],[-]
Culture340-2,,Indica,Landrace,QD,?,[-],[-],[-],[-],[-],[+],[-],[-]
Gundang-12-1-5-7,,Indica,Landrace,QD,?,[-],?,[-],[-],[-],[+],[-],[-]
PTB-18 IRIS_313-10523,,Indica,Landrace,QD,?,[-],[-],[-],[-],[-],?,[-],[-]
Riz type sorgho IRIS_313-10035,,Indica,Landrace,QD,?,[-],[-],[-],[-],[-],?,[-],[-]
FanGeng6 IRIS_313-11800,,Japonica,Landrace,QD,?,[-],?,[-],[-],[-],?,[-],[-]
Hokkai188,Blast,japonica,Landrace,QD,?,[-],?,[-],[-],[-],?,[-],[-]
Owarihatamochi-3,pi21,Japonica,Landrace,QD,?,[-],?,[-],[-],[-],?,[-],[-]
Roxani,,Japonica,Landrace,QD,?,[-],?,[-],[-],[-],?,[-],[-]
ZhaoDanAi IRIS_313-11968,Gn1a-5150,Japonica,Landrace,QD,?,[-],[-],[-],[-],[-],?,[-],[-]
DengNyay IRIS_313-12332,LOX3,,Landrace,QD,?,[-],?,[-],[-],[-],?,[-],[-]
IRRI147-23,,Indica,Cultivar,QD,[+],[-],[-],[-],[-],[-],[+],[-],[-]
IR07F287 IRIS_313-15900,,Indica,Cultivar,Elite,?,[-],?,[-],[-],[-],?,[-],[-]
PusaBasmati1 CX46,,Indica,Cultivar,,?,[-],[-],[-],[-],[-],[-],[-],[-]
IR09N542,,Indica,Cultivar,Elite,[+],[+],[-],[-],[-],[-],[+],[-],[-]
IR04A115,,Indica,Cultivar,Elite,[+],[+],?,[-],[-],[-],[+],[-],[-]
Swarna-Sub1,,Indica,Cultivar,,?,[-],?,[-],[-],[-],?,[-],[-]
BR28-1-3,,Indica,Cultivar,Elite,[+],[-],?,[-],[-],[-],[+],[-],[-]
IR08A176,,Indica,Cultivar,Elite,?,[-],?,[-],[-],[-],?,[-],[-]
IRBB65,,Indica,Cultivar,,?,[-],[+],[+],[+],[-],?,[-],[-]
IR42,,Indica,Cultivar,Elite,[+],?,?,[-],[-],[-],?,[-],[-]
IR42 CX161,,Indica,Cultivar,,[+],[-],[-],[-],[-],[-],[+],[-],[-]
PTB-18 IRIS_313-10523,,Indica,Landrace,QD,?,[-],[-],[-],[-],[-],?,[-],[-]
IRRI174,,Indica,Cultivar,Elite,[+],[-],[-],[-],[-],[-],?,[-],[-]
PSB-Rc10,,Indica,Cultivar,Elite,?,?,[-],[-],[-],[-],?,[-],[-]
SanHuangZhan No. 2,,Indica,Cultivar,,[+],[-],[-],[-],[-],[-],[+],[-],[-]
BG 94-1 CX35,,Indica,Cultivar,,?,[-],[-],[-],?,[-],?,[-],[-]
BR11 CX2,,Indica,Cultivar,,?,[-],[-],[-],[-],[-],[-],[-],[-]
IR68552-55-3-2 CX42,,Indica,Cultivar,,?,[-],[-],[-],[-],[-],[+],[-],[-]
Kalin,,Japonica,Landrace,Ghd7-0,?,[-],?,[-],[-],[-],?,[-],[-]
CRdhan405,,Indica,Cultivar,Salinity,[+],[-],?,[-],[-],[-],[+],[-],[-]
IRRI147,,Indica,Cultivar,Salinity,[+],[-],[-],[-],[-],[-],[+],[-],[-]
IRRI147-23,,Indica,Cultivar,Salinity,[+],[-],[-],[-],[-],[-],[+],[-],[-]
IRRI171-3,,Indica,Cultivar,Salinity,[+],[-],[-],[-],[-],[-],[+],[-],[-]
PSB-Rc86 IRIS_313-10237,,Indica,Cultivar,Salinity,[+],[-],[-],[-],[-],[-],[+],[-],[-]
PSB-Rc88 IRIS_313-10238,,Indica,Cultivar,Salinity,[+],[-],[-],[-],[-],[-],[+],[-],[-]
SR26B IRIS_313-10640,,Indica,Cultivar,Salinity,?,[-],?,[-],[-],[-],[+],[-],[-]
Sadri,,Basmati,Landrace,Salinity,[-],[-],?,[-],[-],[-],[+],[-],[-]
Capsule,,Indica,Landrace,Salinity,?,[-],[-],[-],[-],[-],[+],[-],[-]
Daw Hawm,,Indica,Landrace,Salinity,?,[-],[-],[-],[-],[-],[+],[-],[-]
JumboJet-1,,Indica,Landrace,Salinity,?,[-],[-],[-],[-],[-],?,[-],[-]
NonaBokra IRIS_313-7736,,Indica,Landrace,Salinity,?,[-],?,[-],[-],[-],?,[-],[-]
Pokkali 26869,,Indica,Landrace,Salinity,?,[-],?,[-],[-],[-],?,[-],[-]
Eratio,,Japonica,Landrace,Salinity,?,[-],?,[-],[-],[-],?,[-],[-]
IR45427-2B-2-2B-1-1 IRIS_313-15899,,Indica,Cultivar,,[+],[-],?,[-],[-],[-],?,[-],[-]
Merle IRIS_313-8215,,Basmati,Landrace,,?,[-],?,[-],[-],[-],[+],[-],[-]
NCS194 IRIS_313-9605,,Indica,Landrace,,?,[-],[-],[-],[-],[-],?,[-],[-]
NCS237 IRIS_313-9492,,Indica,Landrace,,?,[-],?,[-],[-],[-],[+],[-],[-]
Pradoo-Daeng IRIS_313-11509,,Indica,Landrace,,?,[-],[-],[-],[-],[-],[+],[-],[-]
Sadok IRIS_313-9582,,Indica,Landrace,,?,[-],?,[-],[-],[-],?,[-],[-]
Sunar IRIS_313-11011,,Indica,Landrace,,?,[-],?,[-],?,[-],[+],[-],[-]
Tjere-Ener IRIS_313-10819,,Indica,Landrace,,?,[-],?,[-],[-],[-],[+],[-],[-]
Mae-Yeu IRIS_313-9575,,Japonica,Landrace,,?,[-],?,[-],[-],?,?,[-],[-]
SonaPatnai IRIS_313-9120,,Japonica,Landrace,,?,[-],?,[-],[-],[-],?,[-],[-]
Supa-2,,Indica,Cultivar,Premium quality,?,[-],[-],[-],[-],[-],?,[-],[-]
Dinorado,,Japonica,Cultivar,Premium quality,?,[-],?,[-],[-],[-],?,[-],[-]
KDML105 CX154,,Indica,Landrace,Premium quality,?,[-],[-],[-],[-],[-],[+],[-],[-]
KDML105 IRIS_313-8253,,Indica,Landrace,Premium quality,?,[-],[-],[-],[-],[-],[+],[-],[-]
Khao Dawk Mali Tia IRIS_313-11386,,Indica,Landrace,Premium quality,?,[-],[-],[-],[-],[-],[+],[-],[-]
PhakaRumduol,,Indica,Landrace,Premium quality,?,[-],?,[-],[-],[-],[+],[-],[-]
RD15 IRIS_313-10151,,Indica,Landrace,Premium quality,?,[-],[-],[-],[-],[-],[+],[-],[-]
Annongwangeng-B B250,,Japonica,Landrace,,?,[-],?,[-],[-],[-],?,[-],[-]
Chimao,,Japonica,Landrace,,?,[-],?,[-],[-],[-],?,[-],[-]
Kalin,,Japonica,Landrace,,?,[-],?,[-],[-],[-],?,[-],[-]
Tepuke,,Japonica,Landrace,,?,[-],?,[-],[-],[-],?,[-],[-]
IAC47 CX241,,,Cultivar,Elite,?,[-],?,[-],[-],[-],[+],[-],[-]
Tongil-101,,Admix,Cultivar,Elite,?,[-],[-],[-],[-],[-],[-],[-],[-]
Tongil-78,,Admix,Cultivar,Elite,?,[-],?,[-],[-],[-],[-],[-],[-]
Apo NSIC-Rc9 CX235,,Indica,Cultivar,Elite,?,[-],[-],[-],[-],[-],?,[-],[-]
ASD1,,Indica,Cultivar,Elite,?,[-],[-],[-],[-],[-],[+],[-],[-]
Avo IRIS_313-8288,,Indica,Cultivar,Elite,?,[-],[-],[-],[-],[-],?,[-],[-]
BG 300 CX34,,Indica,Cultivar,Elite,[-],[-],[-],[-],[-],[-],[+],[-],[-]
BG304 CX76,,Indica,Cultivar,Elite,[+],[-],[-],[-],[-],[-],[+],[-],[-]
BR29-1-3,,Indica,Cultivar,Elite,?,[-],[-],[-],[-],[-],?,[-],[-]
CiherangSub1AG1-1,,Indica,Cultivar,Elite,?,[-],?,[-],[-],?,?,[-],[-]
CSR28-1,,Indica,Cultivar,Elite,?,[-],?,[-],[-],[-],?,[-],[-]
G Zhenshan 97B B156,,Indica,Cultivar,Elite,?,[-],[-],[-],[-],[-],?,[-],[-]
Hnankar CX31,,Indica,Cultivar,Elite,[+],[-],[-],[-],[-],[-],?,[-],[-]
IR02A127,,Indica,Cultivar,Elite,[+],[-],[-],[-],[-],[-],[+],[-],[-]
IR03A568,,Indica,Cultivar,Elite,[+],[-],?,[-],[-],[-],[+],[-],[-]
IR05N412,,Indica,Cultivar,Elite,?,[+],[-],[-],[-],[-],?,[-],[-]
IR06A150,,Indica,Cultivar,Elite,?,[-],[-],[-],[-],[-],[+],[-],[-]
IR06G113 CX226,,Indica,Cultivar,Elite,?,[-],[-],[-],[-],[-],[+],[-],[-]
IR06N209,,Indica,Cultivar,Elite,?,[+],[-],[-],[-],[-],?,[-],?
IR07A234,,Indica,Cultivar,Elite,[+],[-],[-],[-],[-],[-],?,[-],[-]
IR07F290,,Indica,Cultivar,Elite,[+],[-],[-],[-],[-],[-],?,[-],[-]
IR08A172,,Indica,Cultivar,Elite,[+],[-],[-],[-],[-],[-],[+],[-],[-]
IR08N194,,Indica,Cultivar,Elite,?,[-],[-],[-],[-],[-],[+],[-],[-]
IR09A136,,Indica,Cultivar,Elite,[+],[-],[-],[-],[-],[-],[+],[-],[-]
IR09A138,,Indica,Cultivar,Elite,?,[-],?,[-],[-],?,[+],[-],[-]
IR09F436,,Indica,Cultivar,Elite,[+],[-],?,[-],[-],[-],[+],[-],[-]
IR09N190,,Indica,Cultivar,Elite,[+],?,[-],[-],[-],[-],?,[-],[-]
IR09N496,,Indica,Cultivar,Elite,?,[+],[-],[-],[-],?,?,[-],[-]
IR09N514,,Indica,Cultivar,Elite,[+],[-],[-],[-],[-],[-],[+],[-],[-]
IR09N530,,Indica,Cultivar,Elite,?,[-],[-],[-],[-],[-],?,[-],[-]
IR09N531,,Indica,Cultivar,Elite,[+],[-],[-],[-],[-],[-],[+],[-],[-]
IR09N538,,Indica,Cultivar,Elite,[+],[-],[-],[-],[-],[-],[+],[-],[-]
IR102572B-1,,Indica,Cultivar,Elite,?,[-],[-],[-],[-],[-],?,[-],[-]
IR105687B-1,,Indica,Cultivar,Elite,?,[-],[-],[-],[-],[-],?,[-],[-]
IR10F365,,Indica,Cultivar,Elite,[+],[-],[-],[-],[-],[-],[+],[-],[-]
IR10F365-4,,Indica,Cultivar,Elite,[+],[-],[-],[-],[-],[-],?,[-],[-]
IR10N108,,Indica,Cultivar,Elite,[+],[+],[-],[-],[-],?,[+],[-],[-]
IR127842B-1,,Indica,Cultivar,Elite,[+],?,?,[-],[-],[-],?,[-],[-]
IR58025B-1,,Indica,Cultivar,Elite,?,[-],?,[-],[-],?,[-],[-],[-]
IR64-GB,,Indica,Cultivar,Elite,[+],[-],[-],[-],[-],[-],[+],[-],[-]
IR66946-3R-178-1-1,,Indica,Cultivar,Elite,[+],[-],[-],[-],[-],[-],[+],[-],[-]
IR73004-3-1-2-1,,Indica,Cultivar,Elite,[+],[+],[-],[-],[-],[-],[+],[-],[-]
IR74 CX296,,Indica,Cultivar,Elite,?,[-],[-],[-],[-],[-],[+],[-],[-]
IRRI119,,Indica,Cultivar,Elite,[+],[-],?,[-],[-],[-],?,[-],[-]
IRRI123,,Indica,Cultivar,Elite,?,[+],[-],[-],[-],[-],?,[-],[-]
IRRI146 IRIS_313-15902,,Indica,Cultivar,Elite,?,[-],[-],[-],[-],[-],?,[-],[-]
IRRI146,,Indica,Cultivar,Elite,?,?,[-],[-],[-],?,?,[-],[-]
IRRI154,,Indica,Cultivar,Elite,?,[+],[-],[-],[-],[-],?,[-],[-]
IRRI168,,Indica,Cultivar,Elite,?,[-],[-],[-],[-],[-],?,[-],[-]
IRRI181,,Indica,Cultivar,Elite,[+],[-],?,[-],[-],[-],[+],[-],[-]
Komboka-6,,Indica,Cultivar,Elite,[+],[-],?,[-],[-],[-],?,[-],[-]
Matatag2 CX399,,Indica,Cultivar,Elite,?,[-],[-],[-],[-],[-],?,[-],[-]
MTU1010-6,,Indica,Cultivar,Elite,[+],[-],[-],[-],[-],[-],[+],[-],[-]
NSIC Rc216,,Indica,Cultivar,Elite,[+],[-],[-],[-],[-],[-],[+],[-],[-]
NSIC Rc400,,Indica,Cultivar,Elite,[+],[-],[-],[-],[-],[-],[+],[-],[-]
NSIC Rc402,,Indica,Cultivar,Elite,[+],[-],[-],[-],[-],[-],[+],[-],[-]
OM1706 CX80,,Indica,Cultivar,Elite,[+],[-],[-],[-],[-],[-],[+],[-],[-]
OM4900-4,,Indica,Cultivar,Elite,[+],[-],?,[-],[-],[-],[+],[-],[-]
OM997 CX37,,Indica,Cultivar,Elite,[+],[-],[-],[-],[-],[-],[+],[-],[-]
PSB-Rc18 IRIS_313-12319,,Indica,Cultivar,Elite,[+],[-],?,[-],[-],[-],[+],[-],[-]
PSB-Rc18,,Indica,Cultivar,Elite,[+],[-],?,[-],[-],[-],[+],[-],[-]
PSB-Rc50 IRIS_313-10234,,Indica,Cultivar,Elite,[+],[-],[-],[-],[-],[-],[+],[-],[-]
PSB-Rc68 IRIS_313-10235,,Indica,Cultivar,Elite,[+],[-],?,[-],[-],[-],?,[-],[-]
PSB-Rc80 CX357,,Indica,Cultivar,Elite,[+],[-],[-],[-],[-],[-],[+],[-],[-]
PSB-Rc82 CX358,,Indica,Cultivar,Elite,?,[+],[-],[-],[-],[-],[+],[-],[-]
Sahel-108,,Indica,Cultivar,Elite,[+],[-],[-],[-],[-],[-],[+],[-],[-]
Sahel-177-1,,Indica,Cultivar,Elite,[+],[-],[-],[-],[-],[-],?,[-],[-]
Sahel-317-1,,Indica,Cultivar,Elite,[+],[-],[-],[-],[-],[-],?,[-],[-]
Sahel-329-1,,Indica,Cultivar,Elite,?,[-],[-],[-],[-],[-],?,[-],[-]
Swarna-Arvind,,Indica,Cultivar,Elite,?,[-],?,[-],[-],[-],?,[-],[-]
BlueBonnet IRIS,,Japonica,Cultivar,Elite,?,[-],?,[-],?,[-],?,[-],[-]
Bluebonnet IRIS,,Japonica,Cultivar,Elite,?,[-],?,[-],?,[-],?,[-],[-]
CarolinaGoldSelect-CIAT SRR1328207,,Japonica,Cultivar,Elite,?,[-],?,?,?,[-],?,[-],[-]
Colombia1 IRIS,,Japonica,Cultivar,Elite,?,?,?,[-],[-],[-],?,[-],[-]
Katy IRIS_313-8285,,Japonica,Cultivar,Elite,?,[-],?,[-],[-],[-],?,[-],[-]
Kotobuki-Mochi IRIS_313-9002,,Japonica,Cultivar,Elite,?,[-],?,[-],[-],[-],?,[-],[-]
M202 CX89,,Japonica,Cultivar,Elite,?,[-],[-],[-],[-],[-],?,[-],[-]
M23,,Japonica,Cultivar,Elite,?,[-],[-],[-],[-],[-],[-],[-],[-]
M401 CX78,,Japonica,Cultivar,Elite,[-],[-],?,[-],[-],[-],[+],[-],[-]
MILYANG23 CX29,,Japonica,Cultivar,Elite,?,[-],?,[-],[-],[-],[-],[-],[-]
Milyang30 IRIS_313-9925,,Japonica,Cultivar,Elite,?,[-],?,[-],[-],[-],?,[-],[-]
Milyang77 IRIS_313-10040,,Japonica,Cultivar,Elite,?,[-],?,[-],[-],[-],[+],[-],[-]
Minghui63 CX145,,Japonica,Cultivar,Elite,?,[-],?,[-],[-],[-],[+],[-],[-]
MS11,,Japonica,Cultivar,Elite,?,[-],?,[-],[-],[-],?,[-],[-]
9311-1 SRR1210600,,,Cultivar,Elite,?,[-],[-],[-],[-],[-],?,[-],[-]
IRAT352 CX64,,,Cultivar,Elite,?,[-],[-],[-],[-],[-],?,[-],[-]
Bala CX228,,Indica,Cultivar,,?,[-],?,[-],[-],[-],?,[-],[-]
BG 94-1 CX35,,Indica,Cultivar,,?,[-],[-],[-],?,[-],?,[-],[-]
BG90-2 CX21,,Indica,Cultivar,,?,[-],[-],[-],[-],[-],?,[-],[-]
BINAdhan10,,Indica,Cultivar,,[+],[-],?,[-],[-],[-],[+],[-],[-]
BR11 CX2,,Indica,Cultivar,,?,[-],[-],[-],[-],[-],[-],[-],[-]
BR24 CX3,,Indica,Cultivar,,?,[-],[-],[-],[-],[-],[-],[-],[-]
Co22 B011,,Indica,Cultivar,,?,[-],[-],[-],[-],[-],?,[-],[-]
Co39 IRIS_313-8265,,Indica,Cultivar,,[+],[-],?,[-],[-],[-],?,[-],[-]
CSR89 IRIS_313-10348,,Indica,Cultivar,,?,[-],?,[-],?,[-],?,[-],[-]
CSR90 IRIS_313-10349,,Indica,Cultivar,,?,[-],?,[-],[-],[-],?,[-],[-]
IR10179-23-1-3 B028,,Indica,Cultivar,,?,[-],[-],[-],[-],[-],[+],[-],[-]
IR24,,Indica,Cultivar,,?,[-],?,[-],[-],[-],[-],[-],[-]
IR26 CX274,,Indica,Cultivar,,?,[-],[-],[-],[-],[-],[+],[-],[-]
IR28 IRIS_313-7691,,Indica,Cultivar,,[+],[-],[-],[-],[-],[-],[+],[-],[-]
IR29-1,,Indica,Cultivar,,[+],[-],?,[-],[-],[-],?,[-],[-]
IR31917-1,,Indica,Cultivar,,?,[-],?,[-],[-],[-],[+],[-],[-]
IR34 CX275,,Indica,Cultivar,,?,[-],[-],[-],[-],[-],[+],[-],[-]
IR42 CX161,,Indica,Cultivar,,[+],[-],[-],[-],[-],[-],[+],[-],[-]
IR55419 CX232,,Indica,Cultivar,,?,[-],[-],[-],[-],[-],?,[-],[-]
IR56 IRIS_313-10167,,Indica,Cultivar,,?,[-],[-],[-],[-],[-],?,[-],[-]
IR58025B CX44,,Indica,Cultivar,,?,[-],[-],[-],[-],[-],[+],[-],[-]
IR58821-23-1-3-1 CX233,,Indica,Cultivar,,?,[-],[-],[-],[-],[-],?,[-],[-]
IR6 CX73,,Indica,Cultivar,,?,[-],[-],[-],[-],[-],?,[-],[-]
IR62266-42-6-2 CX234,,Indica,Cultivar,,?,[+],[-],[-],[-],[-],?,[-],[-]
IR64A CX403,,Indica,Cultivar,,[+],[-],[-],[-],[-],[-],[+],[-],[-]
IR65600-27-1-2-2 CX117,,Indica,Cultivar,,[+],[-],[-],[-],[-],[-],[+],[-],[-]
IR66897B CX43,,Indica,Cultivar,,[+],[-],?,[-],[-],[-],[+],[-],[-]
IR68 CX278,,Indica,Cultivar,,?,[-],?,[-],[-],[-],[+],[-],[-]
IR68552-55-3-2 CX42,,Indica,Cultivar,,?,[-],[-],[-],[-],[-],[+],[-],[-]
IR71466-75-3-B-1 CX124,,Indica,Cultivar,,[+],[-],[-],[-],[-],[-],[+],[-],[-]
IR8192-200-3-3-1-1 CX276,,Indica,Cultivar,,[+],[-],?,[-],[-],[-],[+],[-],[-]
IRBB62,,Indica,Cultivar,,[+],[-],[+],[-],[+],[-],?,[-],[-]
IRBB64,,Indica,Cultivar,,[+],[+],[+],[-],[+],[-],[+],[-],[-]
IRBB7,,Indica,Cultivar,,?,[-],[+],[-],[-],[-],[-],[-],[-]
IRRI139-5,,Indica,Cultivar,,?,[-],[-],[-],[-],[-],[+],[-],[-]
Makassane,,Indica,Cultivar,,[+],[-],?,[-],[-],[-],[+],[-],[-]
Sri Lanka 1 B013,,Indica,Cultivar,,?,[-],[-],[-],[-],[-],[+],[-],[-]
Tadukan GB,,Indica,Cultivar,,?,[-],?,[-],[-],[-],?,[-],[-]
TKM9 CX235,,Indica,Cultivar,,?,[-],[-],[-],[-],[-],?,[-],[-]
Vandana-Arvind,,Indica,Cultivar,,?,[-],[-],[-],[-],[-],?,[-],[-]
WayRarem-Arvind,,Indica,Cultivar,,?,[-],[-],[-],[-],[-],?,[-],[-]
Aomierte 168 B016,,Japonica,Cultivar,,?,[-],?,[-],[-],[-],?,[-],[-]
Banjiemang 2 B230,,Japonica,Cultivar,,?,[-],?,[-],[-],[-],?,[-],[-]
Binam CX67,,Japonica,Cultivar,,[-],[-],?,[-],[-],[-],[+],[-],[-]
Cypress IRIS_313-15910,,Japonica,Cultivar,,?,[-],?,[-],[-],[-],?,[-],[-]
Dasan,,Japonica,Cultivar,,?,[-],?,[-],[-],[-],[-],[-],[-]
Drew IRIS_313-8183,,Japonica,Cultivar,,?,[-],?,[-],[-],[-],?,[-],[-]
GalsaegSsal-Sharei IRIS_313-10124,,Japonica,Cultivar,,?,[-],?,[-],[-],[-],?,[-],[-]
GIZA159 CX58,,Japonica,Cultivar,,?,[-],?,[-],[-],[-],?,[-],[-]
Giza178 IRIS_313-8212,,Japonica,Cultivar,,[+],[-],[-],[-],[-],[-],[+],[-],[-]
IAC165 CX269,,Japonica,Cultivar,,?,[-],?,[-],[-],[-],[+],[-],[-]
IAC3 CX262,,japonica,Cultivar,,?,[-],?,[-],?,[-],?,[-],[-]
IR22 IRIS_313-7688,,Japonica,Cultivar,,[+],[-],[-],[-],[-],[-],[+],[-],[-]
Jinbu-2,,Japonica,Cultivar,,?,[-],[-],[-],[-],[-],[+],[-],[-]
Lemont CX77,,Japonica,Cultivar,,?,[-],?,[-],[-],[-],[+],[-],[-]
Lijian942 IRIS_313-12060,,Japonica,Cultivar,,?,[-],?,[-],[-],[-],?,[-],[-]
Litchikiang IRIS_313-10558,,Japonica,Cultivar,,?,[-],?,[-],[-],[-],[-],[-],[-]
LTH CX282,,Japonica,Cultivar,,?,[-],?,[-],[-],[-],[+],[-],[-]
TDK1-6,,Japonica,Cultivar,,[+],[-],[-],[-],[-],[-],[+],[-],[-]
TN1 CX270,,Japonica,Cultivar,,?,[-],[-],[-],[-],[-],[+],[-],[-]
498-2A-BR-8 IRIS_313-8450,,Indica,Landrace,,[-],?,?,[-],[-],[-],?,[-],[-]
Adday-Sel,,Indica,Landrace,,?,[-],?,[-],[-],[-],?,[-],[-]
Angifotsy IRIS_313-7638,,Indica,Landrace,,?,[-],[-],[-],[-],[-],[+],[-],[-]
ARC12536 IRIS_313-9053,,Indica,Landrace,,[-],[-],?,[-],[-],[-],?,[-],[-]
Baiang6 IRIS_313-8846,,Indica,Landrace,,?,[-],[-],[-],[-],[-],?,[-],[-]
Beizinuo B222,,Indica,Landrace,,?,[-],[-],[-],[-],[-],[+],[-],[-]
BUENG_MONG_LENG_WEI IRIS_313-11834,,Indica,Landrace,,?,[-],?,[-],[-],[-],[+],[-],[-]
E-Daw-Hawm IRIS_313-8980,,Indica,Landrace,,?,[-],[-],[-],[-],[-],[+],[-],[-]
Ejali,,Indica,Landrace,,?,[+],?,[-],[-],[-],?,[-],[+]
Honderawala IRIS_313-11382,,Indica,Landrace,,?,[-],[-],[-],[-],[-],[+],[-],[-]
NCS-599 IRIS_313-11642,,Indica,Landrace,,[-],[-],?,[-],[-],[-],?,[-],[-]
NX-3533 IRIS_313-9570,,Indica,Landrace,,?,[-],[-],[-],[-],[-],?,[-],[-]
Pokkali 8948 IRIS_313-8244,,Indica,Landrace,,?,[-],?,[-],[-],[-],?,[-],[-]
SML-Awini IRIS_313-9841,,Indica,Landrace,,?,[-],?,[-],[-],[-],?,[-],[-]
Sossoka IRIS_313-11716,,Indica,Landrace,,?,[-],?,[-],[-],[-],?,[-],[-]
Tetep GB,,Indica,Landrace,,?,[-],?,[-],[-],[-],?,[-],[-]
Tima IRIS_313-9506,,Indica,Landrace,,?,[-],?,[-],[-],[-],?,[-],[-]
TjereSugi IRIS_313-9005,,Indica,Landrace,,?,[-],?,[-],[-],[-],?,[-],[-]
Vary5000Fotsy IRIS_313-12283,,Indica,Landrace,,?,[-],?,[-],[-],[-],?,[-],[-]
36067-1 IRIS_313-11586,,Japonica,Landrace,,?,[-],?,[-],[-],[-],?,[-],[-]
4583 IRIS_313-11202,,Japonica,Landrace,,?,[-],?,?,[-],?,?,[-],[-]
Azucena-JL,,Japonica,Landrace,,?,[-],?,[-],[-],[-],?,[-],[-]
Bikyat IRIS_313-9897,,Japonica,Landrace,,?,[-],?,[-],[-],[-],[+],[-],[-]
BueGaWa IRIS_313-8599,,Japonica,Landrace,,?,[-],?,[-],[-],[-],?,[-],[-]
Flipper IRIS_313-8099,,Japonica,Landrace,,?,[-],?,[-],[-],[-],?,[-],[-]
Kulon IRIS_313-8155,,Japonica,Landrace,,?,[-],?,[-],[-],[-],?,[-],[-]
Lab IRIS_313-12346,,Japonica,Landrace,,?,[-],?,[-],[-],[-],?,[-],[-]
Moroberekan-8,,Japonica,Landrace,,?,[-],?,[-],[-],[-],?,[-],[-]
Nam-Jam IRIS_313-11924,,Japonica,Landrace,,?,[-],?,[-],[-],[-],?,[-],[-]
Nipponbare,,Japonica,Landrace,,?,?,?,[-],[-],?,?,[-],?
Nyao IRIS_313-12340,,Japonica,Landrace,,?,[-],?,[-],[-],[-],?,[-],[-]
ShinchikuIku103 IRIS_313-9346,,Japonica,Landrace,,?,[-],?,[-],[-],[-],?,[-],[-]
Taichung 65 IRIS_313-9701,,Japonica,Landrace,,?,[-],?,[-],[-],[-],?,[-],[-]
Tres-Meses IRIS_313-8694,,Japonica,Landrace,,?,[-],?,[-],[-],[-],?,[-],[-]
Xiushui115 B057,,Japonica,Landrace,,?,[-],?,[-],[-],[-],?,[-],[-]
Zhongchao123 CX57,,Japonica,Landrace,,?,[-],?,[-],[-],[-],[+],[-],[-]
CR147-392-4 IRIS_313-11240,,,Cultivar,,?,[-],[-],[-],[-],[-],?,[-],[-]
IRRI110-6,,,Cultivar,,?,[-],?,[-],[-],[-],[+],[-],[-]
Monolaya CX265,,Admix,Cultivar,,[+],[-],[-],[-],[-],[-],[+],[-],[-]
NERICA-1 CX371,,Admix,Cultivar,,?,[-],?,[-],?,[-],?,[-],[-]
NERICA-2 CX372,,Admix,Cultivar,,?,[-],?,[-],?,[-],?,[-],[-]
NERICA-8 CX373,,Admix,Cultivar,,?,[-],?,[-],[-],[-],[+],[-],[-]
NERICA-9 CX374,,Admix,Cultivar,,?,[-],?,[-],[-],[-],[+],[-],[-]
NERICA-L-20 CX376,,Admix,Cultivar,,?,[-],[-],[-],[-],[-],?,[-],[-]
NERICA-L-27 CX377,,Admix,Cultivar,,[+],[-],[-],[-],[-],[-],[+],[-],[-]
TOG5674 CX400,,glaberrima,Cultivar,,?,[-],?,[-],[-],[-],[+],[-],[-]
Co39 SRR3056114,,indica,Cultivar,,[+],[-],?,[-],[-],[-],[+],[-],[-]
Fedearroz 50,,Indica,Cultivar,,?,[-],[-],[-],[-],[-],[+],[-],[-]
Gigante-1,,Indica,Cultivar,,?,[-],[-],[-],[-],[-],?,[-],[-]
Gigante-1,RYMV,Indica,Cultivar,,?,[-],[-],[-],[-],[-],?,[-],[-]
IET1444 CX267,,Indica,Cultivar,,?,[-],[-],[-],[-],[-],[+],[-],[-]
IR20 SRR1743096,,indica,Cultivar,,[+],[-],[-],[-],[-],[-],?,[-],[-]
IR2003-P7-7-4-2 IRIS_313-8392,,Indica,Cultivar,,[+],[-],?,[-],[-],[-],[+],[-],[-]
IR2061-522-6-9 CX206,,Indica,Cultivar,,[+],[-],?,[-],[-],[-],[+],[-],[-]
IR26 SRR1743097,,indica,Cultivar,,?,[-],[-],[-],[-],[-],[-],[-],[-]
IR30 SRR1743098,,indica,Cultivar,,[+],[-],?,[-],[-],[-],?,[-],[-]
IR36 SRR1743111,,indica,Cultivar,,[+],[-],[-],[-],[-],[-],?,[-],[-]
IR50 SRR6122715,,indica,Cultivar,,[+],[-],[-],[-],[-],[-],[+],[-],[-]
IR5657-33-2 IRIS_313-11978,,Indica,Cultivar,,[+],[-],[-],[-],[-],[-],[+],[-],[-]
IR68897B CX281,,Indica,Cultivar,,[+],[-],?,[-],[-],[-],[+],[-],[-]
IRRI 154,,Indica,Cultivar,,[+],?,[-],[-],[-],[-],?,[-],[-]
Manaw-Thuka,,Indica,Cultivar,,?,[-],?,[-],[-],[-],[+],[-],[-]
OM6377 SRR2543338,,indica,Cultivar,,[+],[-],[-],[-],[-],[-],?,[-],[-]
PTB33 CX157,BPH,Indica,Cultivar,,?,[-],[-],[-],[-],[-],[+],[-],[-]
SanHuangZhan No. 2,,Indica,Cultivar,,[+],[-],[-],[-],[-],[-],[+],[-],[-]
Asominori DRR054129,,japonica,Cultivar,,?,?,?,[-],[-],[-],?,[-],?
Genkitsukushi DRR099987,,japonica,Cultivar,,?,[-],?,[-],[-],[-],?,[-],[-]
Hinohikari DRR099986,,japonica,Cultivar,,?,[-],?,[-],[-],[-],?,[-],[-]
Hitomebore DRR099983,,japonica,Cultivar,,?,[-],?,[-],[-],[-],?,[-],[-]
Hoshinoyume DRR099982,,japonica,Cultivar,,?,[-],?,[-],[-],[-],[-],[-],[-]
Koshihikari DRR099981,,japonica,Cultivar,,?,[-],?,[-],[-],[-],?,[-],[-]
Koshihikari-SBL1 DRR099988,,japonica,Cultivar,,?,[-],?,[-],[-],[-],?,[-],[-]
Nipponbare DRR099989,,japonica,Cultivar,,?,[-],?,[-],[-],[-],?,[-],[-]
St1 IRGC30329-1,,Japonica,Cultivar,,?,[-],[-],[-],[-],[-],?,[-],[-]
Tenkomori DRR099985,,japonica,Cultivar,,?,[-],?,[-],[-],[-],?,[-],[-]
Tentakaku DRR099984,,japonica,Cultivar,,?,[-],?,[-],[-],[-],?,[-],[-]
9311-2 SRR1210602,,,Cultivar,,?,[-],[-],[-],[-],[-],?,[-],[-]
9311-3 SRR1210605,,,Cultivar,,?,[-],[-],[-],[-],[-],?,[-],[-]
CL111 SRR1328209,,,Cultivar,,?,[-],?,[-],[-],[-],?,[-],[-]
CL131 SRR1328210,,,Cultivar,,?,[-],?,[-],[-],[-],?,[-],[-]
CL152 SRR1328211,,,Cultivar,,?,[-],?,[-],[-],[-],?,[-],[-]
CL261 SRR1328212,,,Cultivar,,?,[-],?,[-],[-],[-],?,[-],[-]
FACAGRO-406,,,Cultivar,,[+],[-],?,[-],[-],[-],[+],[-],[-]
FACAGRO-64,,,Cultivar,,?,[-],[-],[-],[-],[-],?,[-],[-]
IRRI110-6,,,Cultivar,,?,[-],?,[-],[-],[-],[+],[-],[-]
Milyang23 SRR1622029,,,Cultivar,,?,[-],[-],[-],[-],[-],[-],[-],[-]
Minghui63 SRR1743100,,,Cultivar,,?,[-],?,[-],[-],[-],[+],[-],[-]
Minghui70 SRR1743105,,,Cultivar,,[+],[-],[-],[-],[-],[-],?,[-],[-]
Minghui86 SRR1743106,,,Cultivar,,[+],[-],[-],[-],[-],[-],[+],[-],[-]
Taichung65 SRR1956774,,,Cultivar,,?,[-],?,[-],[-],[-],?,[-],[-]
TN1 SRR921505,,,Cultivar,,?,[-],[-],[-],[-],[-],[+],[-],[-]
ADR52 IRIS_313-11252,,,Landrace,,?,[-],?,[-],[-],[-],[+],[-],[-]
Malogbana IRIS_313-10729,,Admix,Landrace,,?,[-],?,[-],?,[-],?,[-],[-]
Daghad-Deshi-TK,,Aus,Landrace,,?,[-],?,[-],[-],[-],?,[-],[-]
Dhola Aman IRIS_313-9156,,Aus,Landrace,,?,[-],[-],[-],[-],[-],?,[-],[-]
Dular SRR2056128,,Aus,Landrace,,[-],[+],?,[-],[-],[-],?,[-],[-]
Fanhaopi B221,,Aus,Landrace,,?,[-],?,[-],[-],[-],[-],[-],[-]
Hasawi,,Aus,Landrace,,?,[-],?,[-],[-],[-],[-],[-],[-]
KaliAus-6,,Aus,Landrace,,?,[-],?,[-],[-],[-],?,[-],[-]
Kasalath,,Aus,Landrace,,?,[+],?,[-],[-],[-],?,[-],[-]
Kasalath DRR099990,,Aus,Landrace,,?,[+],?,[-],[-],[-],?,[-],[-]
Khama 1183,,Aus,Landrace,,?,[+],?,[-],[-],[-],?,[-],[+]
Khao-Nan IRIS_313-11922,,Aus,Landrace,,?,[-],?,[-],[-],[-],?,[-],[-]
Kharsu IRIS_313-8398,,Aus,Landrace,,?,[-],?,[-],[-],[-],?,[-],[-]
KHO-Chin,,Aus,Landrace,,[-],[-],?,[-],[-],[-],[+],[-],[-]
Malchi IRIS_313-11602,,Aus,Landrace,,?,[-],?,[-],[-],[-],?,[-],[-]
MaZhan-Red,,Aus,Landrace,,[-],[-],[-],[-],[-],[-],[+],[-],[-]
N22 CX368,,Aus,Landrace,,?,[-],?,[-],[-],[-],?,[-],[-]
N22 IRIS_313-10150,,Aus,Landrace,,?,[-],?,[-],?,[-],?,[-],[-]
N22,,Aus,Landrace,,?,[-],?,[-],[-],[-],?,[-],[-]
N22-Arvind,,Aus,Landrace,,?,[-],?,[-],[-],[-],?,[-],[-]
Nanhi Tobias,,Aus,Landrace,,?,[-],?,[-],[-],[-],?,[-],[-]
Rayada IRIS_313-9108,,Aus,Landrace,,?,[-],?,[-],[-],[-],?,[-],[-]
Basmati Sufaid 100,,Basmati,Landrace,,?,[-],?,[-],[-],[-],?,[-],[-]
Basmati Surkh 161,,Basmati,Landrace,,?,[-],?,[-],[-],[-],?,[-],[-]
Basmati1 IRIS_313-8656,,Basmati,Landrace,,[-],[-],?,[-],[-],[-],?,[-],[-]
Basmati370 IRGC27820 SRR9610469,,Basmati,Landrace,,?,[-],?,[-],[-],[-],[+],[-],[-]
Basmati385 CX72,,Basmati,Landrace,,?,[-],?,[-],[-],[-],[+],[-],[-]
DahrdunBasmati IRGC67705 SRR9610470,,Basmati,Landrace,,?,[-],?,[-],[-],[-],[+],[-],[-]
Pankhari203 IRIS_313-9083,,Basmati,Landrace,,[-],[-],?,[-],[-],[-],[+],[-],[-]
Rato Basmati,,Basmati,Landrace,,?,[-],?,[-],[-],[-],[+],[-],[-]
Sadri-rice-1 CX104,,Basmati,Landrace,,[-],[-],?,[-],[-],[-],?,[-],[-]
IRGC104022 O_ glaberrima,,glaberrima,Landrace,,?,?,?,?,?,?,?,[-],?
TOG6542 CX402,,glaberrima,Landrace,,?,[-],?,[-],?,[-],?,[-],[-]
TOG7291 CX401,,glaberrima,Landrace,,?,[-],?,[-],[-],[-],[+],[-],[-]
Abhaya-4,,Indica,Landrace,,?,[-],?,[-],[-],[-],?,[-],[-]
Modan-1 IRGC49898,,Indica,Landrace,,?,[-],?,[-],[-],[-],?,[-],[-]
Muguanuo B086,,Japonica,Landrace,,[-],[-],[-],[-],[-],[-],?,[-],[-]
A69-1,,,Landrace,,?,[-],?,[-],[-],[-],?,[-],[-]
Araure1 IRIS_313-10289,,,Landrace,,?,[-],[-],[-],[-],[-],?,[-],[-]
ARC12920,,,Landrace,,?,[-],?,[-],[-],[-],?,[-],[-]
ChiemTongNhat-1,,,Landrace,,?,?,?,?,?,?,[-],[-],?
ChungYi,,,Landrace,,?,[-],?,[-],[-],[-],?,[-],[-]
CI9445,,,Landrace,,?,[-],?,[-],[-],[-],?,[-],[-]
DeeGeoWooGen SRR1743093,,,Landrace,,?,[-],[-],[-],[-],[-],[-],[-],[-]
Doddi CX99,,,Landrace,,?,[-],[-],[-],[-],[-],[+],[-],[-]
Don IRIS_313-12258,LOX3,,Landrace,,[-],[-],?,[-],[-],[-],?,[-],[-]
Guandong194-SoftRice,,,Landrace,,?,[-],?,[-],[-],[-],?,[-],[-]
JagliBoro,,,Landrace,,?,[-],?,[-],?,[-],?,[-],[-]
Kalamon-113,,,Landrace,,?,[-],?,[-],[-],[-],?,[-],[-]
Kaliboro-600,,,Landrace,,?,[-],[+],[-],[-],[-],?,[-],[-]
KaoSongHai IRIS_313-11623,LOX3,,Landrace,,?,[-],?,[-],[-],[-],[+],[-],[-]
KeeripalaChillPaddy IRIS_313-8559,,,Landrace,,?,[-],?,[-],[-],[-],[+],[-],[-]
KhaoLouang IRIS_313-12351,LOX3,,Landrace,,?,[-],?,[-],[-],[-],?,[-],[-]
KhaoMon IRIS_313-9182,,,Landrace,,[-],[-],?,[-],[-],[-],?,[-],[-]
KoiyaDigha,,,Landrace,,?,[-],?,[-],[-],[-],?,[-],[-]
Leuang IRIS_313-12200,LOX3,,Landrace,,[+],[-],?,[-],[-],[-],[+],[-],[-]
Milagrosa,,,Landrace,,?,[-],?,[-],[-],[-],?,[-],[-]
Nangeng46-SoftRice,,,Landrace,,?,[-],?,[-],[-],[-],?,[-],[-]
RadenKamunting,,,Landrace,,?,[-],?,[-],[-],[-],?,[-],[-]
Ratua81 IRIS_313-10549,,,Landrace,,?,[-],?,[-],[-],[-],[+],[-],[-]
TaiZhongXian-10,,,Landrace,,?,[-],[-],[-],[-],[-],[-],[-],[-]
TekSiChut CX102,,,Landrace,,?,[-],[-],[-],[-],[-],?,[-],[-]
Swarnalata IRGC33964,BPH,,Landrace,,?,[-],[-],[-],[-],[-],?,[-],[-]
LocRuong IRGC56092,BPH,,Landrace,,?,[-],?,[-],?,[-],[+],[-],[-]
Towada IRGC8318,Cold,,Landrace,,?,[-],?,[-],[-],[-],?,[-],[-]
